{"firestore":{"rules":"firestore.rules","indexes":"firestore.indexes.json"},"storage":{"rules":"storage.rules"},"flutter":{"platforms":{"android":{"default":{"projectId":"uco-kiosk-app-6270d","appId":"1:1053965638081:android:3d6de7a4a754392e3ab740","fileOutput":"android/app/google-services.json"}},"dart":{"lib/firebase_options.dart":{"projectId":"uco-kiosk-app-6270d","configurations":{"android":"1:1053965638081:android:3d6de7a4a754392e3ab740","ios":"1:1053965638081:ios:5b72f8d691d48bcf3ab740","macos":"1:1053965638081:ios:5b72f8d691d48bcf3ab740","web":"1:1053965638081:web:5aeedae28fb392373ab740","windows":"1:1053965638081:web:e59c0bfc9e657f983ab740"}}}}}}